ã‚¿ã‚¤ãƒ ã‚¹ã‚¿ãƒ³ãƒ—,ã‚«ãƒ†ã‚´ãƒª,ç”»åƒ,ç”»åƒ2,ç”»åƒ3,ç”»åƒ4,ç”»åƒ5,ç·¯åº¦,çµŒåº¦,ã‚¹ãƒãƒƒãƒˆå,ç´¹ä»‹æ–‡,å‰µæ¥­å¹´æœˆ,é§è»Šå ´,TEL,Instagram,X,å…¬å¼ã‚µã‚¤ãƒˆ,Facebook,å–¶æ¥­æ™‚é–“,å®šä¼‘æ—¥,ä½æ‰€,äºˆç´„æœ‰ç„¡,ã‚¿ã‚°
2022/05/11 14:46:34,å±…é…’å±‹ãƒ»é£Ÿäº‹,https://picsum.photos/800/600?random=22?&blur=2,https://picsum.photos/800/600?random=29?&blur=2,https://picsum.photos/800/600?random=29?&blur=2,https://picsum.photos/800/600?random=29?&blur=2,https://picsum.photos/800/600?random=29?&blur=2,37.9868667,138.344697,å…«å¹¡é¤¨,,,,,,,,,10:00 - 19:00,,æ–°æ½ŸçœŒä½æ¸¡å¸‚å…«å¹¡ï¼’ï¼ï¼”ï¼“,,"ãƒ©ãƒ³ãƒ,å±…é…’å±‹"
2022/05/11 14:46:34,,https://picsum.photos/800/600?random=23?&blur=2,https://picsum.photos/800/600?random=29?&blur=2,https://picsum.photos/800/600?random=29?&blur=2,https://picsum.photos/800/600?random=29?&blur=2,https://picsum.photos/800/600?random=29?&blur=2,38.0006384,138.3223004,ã¡ã‚‡ã¼å®¶,,,,,,,,,10:00 - 19:00,,æ–°æ½ŸçœŒä½æ¸¡å¸‚æ²³åŸç”°æœ¬ç”ºï¼‘ï¼ï¼”âˆ’ï¼’,,
2022/05/11 14:46:34,,https://picsum.photos/800/600?random=24?&blur=2,https://picsum.photos/800/600?random=29?&blur=2,https://picsum.photos/800/600?random=29?&blur=2,https://picsum.photos/800/600?random=29?&blur=2,https://picsum.photos/800/600?random=29?&blur=2,38.0006735,138.3232305,æåºµ,,,,,,,,,10:00 - 19:00,,æ–°æ½ŸçœŒä½æ¸¡å¸‚æ²³åŸç”°æœ¬ç”ºä¸­åŸï¼–ï¼˜ï¼’,,
2022/05/11 14:46:34,,https://picsum.photos/800/600?random=25?&blur=2,https://picsum.photos/800/600?random=29?&blur=2,https://picsum.photos/800/600?random=29?&blur=2,https://picsum.photos/800/600?random=29?&blur=2,https://picsum.photos/800/600?random=29?&blur=2,38.0000399,138.3220762,ä¸¸ç¾äº­,,,,,,,,,10:00 - 19:00,,æ–°æ½ŸçœŒä½æ¸¡å¸‚æ²³åŸç”°æœ¬ç”ºï¼‘ï¼—ï¼•,,
2022/05/11 14:46:34,ã‚¹ãƒŠãƒƒã‚¯ãƒ»ãƒãƒ¼,https://picsum.photos/800/600?random=26?&blur=2,https://picsum.photos/800/600?random=29?&blur=2,https://picsum.photos/800/600?random=29?&blur=2,https://picsum.photos/800/600?random=29?&blur=2,https://picsum.photos/800/600?random=29?&blur=2,38.0043849,138.32834,ãƒ­ãƒ¼ã‚º,,30å¹´,æœ‰,0259-57-2278,,,http://shimachan0725.com/,,10:00 - 19:00,ç«æ›œæ—¥,æ–°æ½ŸçœŒä½æ¸¡å¸‚æ±å¤§é€šï¼‘ï¼’ï¼™ï¼™âˆ’ï¼‘,æœ‰,
2022/05/11 14:46:34,,https://picsum.photos/800/600?random=128?&blur=2,https://picsum.photos/800/600?random=29?&blur=2,https://picsum.photos/800/600?random=30?&blur=2,https://picsum.photos/800/600?random=30?&blur=2,https://picsum.photos/800/600?random=30?&blur=2,38.0064194,138.3360064,ã»ã£ã¨ã‚‚ã£ã¨ä½å’Œç”°åº—,,,,,,,https://instagram.com/snackarisu_sado?igshid=YmMyMTA2M2Y=,,19:00 - 24:00,,æ–°æ½ŸçœŒä½æ¸¡å¸‚é•·æœ¨ï¼—ï¼–ï¼•,,å¼å½“
2022/05/11 14:46:34,,https://picsum.photos/800/600?random=28?&blur=2,https://picsum.photos/800/600?random=29?&blur=2,https://picsum.photos/800/600?random=29?&blur=2,https://picsum.photos/800/600?random=29?&blur=2,https://picsum.photos/800/600?random=29?&blur=2,38.0043468,138.3283474,ã“ã†ã‚,,,,,,,,,10:00 - 17:06,,æ–°æ½ŸçœŒä½æ¸¡å¸‚æ±å¤§é€šï¼‘ï¼’ï¼™ï¼™âˆ’ï¼‘,,
2022/05/11 14:46:34,,https://picsum.photos/800/600?random=29?&blur=2,https://picsum.photos/800/600?random=29?&blur=2,https://picsum.photos/800/600?random=29?&blur=2,https://picsum.photos/800/600?random=29?&blur=2,https://picsum.photos/800/600?random=29?&blur=2,38.003639,138.3296637,å¤§ã¾ã‚‹ãƒ©ãƒ¼ãƒ¡ãƒ³,,,,,,,https://www.s-perch.com/,,10:00 - 17:07,,æ–°æ½ŸçœŒä½æ¸¡å¸‚æ±å¤§é€šï¼‘ï¼’ï¼’ï¼—âˆ’ï¼•,,ãƒ©ãƒ¼ãƒ¡ãƒ³
,å±…é…’å±‹ãƒ»é£Ÿäº‹,,,,,,38.0057369,138.3305398,ã‚„ã˜ã¾æ±å¤§é€šåº—,"ç‚­ç«ç„¼é³¥ã€é‡œé£¯ã€ã²ã‚Œã‹ã¤ä¸¼ã€å„ç¨®å®šé£Ÿã‹ã‚‰ãŠå­ã•ã¾å‘ã‘ãƒ¡ãƒ‹ãƒ¥ãƒ¼ã¾ã§è±Šå¯Œã«å–ã‚Šæƒãˆã¦ãŠã‚Šã¾ã™ã€‚
æ­“é€è¿ä¼šã€å¿˜å¹´ä¼šãã®ä»–å„ç¨®ã”å®´ä¼šæ‰¿ã‚Šã¾ã™ã€‚æœ€å¤§30åã¾ã§ã®å€‹å®¤å®Œå‚™ã€‚ãŠæ°—è»½ã«ã”ç›¸è«‡ä¸‹ã•ã„ã€‚",,æœ‰,0259-52-1001,,,,,,æœˆæ›œæ—¥,æ–°æ½ŸçœŒä½æ¸¡å¸‚æ±å¤§é€šï¼˜ï¼–ï¼–âˆ’ï¼‘,æœ‰,"ç„¼é³¥,ãƒ©ãƒ³ãƒ"
2022/05/11 14:46:34,å¯¿å¸,https://picsum.photos/800/600?random=31?&blur=2,https://picsum.photos/800/600?random=31?&blur=2,https://picsum.photos/800/600?random=31?&blur=2,https://picsum.photos/800/600?random=31?&blur=2,https://picsum.photos/800/600?random=31?&blur=2,38.004016,138.3318757,å¼æ…¶å¯¿å¸,æ–°é®®ãªåœ°é­šã‚’ç¾å‘³ã—ã„ä½æ¸¡ç±³ã§æ¡ã‚Šã¾ã™ã€‚,å¹³æˆå…ƒå¹´ 1989å¹´,æœ‰,0259-52-3453,,,,,10:00 - 17:09,ç«æ›œæ—¥,æ–°æ½ŸçœŒä½æ¸¡å¸‚æ±å¤§é€šï¼˜ï¼“ï¼“,ç„¡,å¯¿å¸
2022/05/11 14:46:34,ã‚¹ãƒŠãƒƒã‚¯ãƒ»ãƒãƒ¼,https://picsum.photos/800/600?random=32?&blur=2,https://picsum.photos/800/600?random=32?&blur=2,https://picsum.photos/800/600?random=32?&blur=2,https://picsum.photos/800/600?random=32?&blur=2,https://picsum.photos/800/600?random=32?&blur=2,38.00576,138.3341667,ã‚¤ãƒ–,ã‚«ãƒ©ã‚ªã‚±ã§éŠã‚“ã§ä¸‹ã•ã„ã€‚,44å¹´,æœ‰,0259-52-4109,,,,,10:00 - 17:10,æœ¨æ›œæ—¥,æ–°æ½ŸçœŒä½æ¸¡å¸‚ä¸‹é•·æœ¨ï¼”ï¼”ï¼•,æœ‰,ãƒŠã‚¤ãƒˆã‚¹ãƒãƒƒãƒˆ
2022/05/11 14:46:34,å±…é…’å±‹ãƒ»é£Ÿäº‹,https://picsum.photos/800/600?random=33?&blur=2,https://picsum.photos/800/600?random=33?&blur=2,https://picsum.photos/800/600?random=33?&blur=2,https://picsum.photos/800/600?random=33?&blur=2,https://picsum.photos/800/600?random=33?&blur=2,38.0028021,138.3308429,æµæ¯”å¯¿,,,,0259-57-2228,,,https://benkei-sado.gorp.jp/,,10:00 - 17:11,,æ–°æ½ŸçœŒä½æ¸¡å¸‚å…«å¹¡ï¼‘ï¼’ï¼ï¼’âˆ’ï¼“,,"ãƒ©ãƒ³ãƒ,ãƒ©ãƒ¼ãƒ¡ãƒ³,é¤ƒå­"
2022/05/11 14:46:34,,https://picsum.photos/800/600?random=34?&blur=2,https://picsum.photos/800/600?random=34?&blur=2,https://picsum.photos/800/600?random=34?&blur=2,https://picsum.photos/800/600?random=34?&blur=2,https://picsum.photos/800/600?random=34?&blur=2,38.0093434,138.3406806,ãƒŸã‚¹ã‚¿ãƒ¼ãƒ‰ãƒ¼ãƒŠãƒ„,,,,,,,https://www.urasima.com/,,10:00 - 17:12,,æ–°æ½ŸçœŒä½æ¸¡å¸‚å¸‚é‡æ²¢ï¼’ï¼—,,
2022/05/11 14:46:34,å¯¿å¸,https://picsum.photos/800/600?random=35?&blur=2,https://picsum.photos/800/600?random=35?&blur=2,https://picsum.photos/800/600?random=35?&blur=2,https://picsum.photos/800/600?random=35?&blur=2,https://picsum.photos/800/600?random=35?&blur=2,38.0009587,138.3182426,è›‡ã®ç›®å¯¿å¸,,,,0259-52-2512,,,,,10:00 - 17:13,æœ¨æ›œæ—¥,æ–°æ½ŸçœŒä½æ¸¡å¸‚æ²³åŸç”°æœ¬ç”ºï¼’ï¼˜ï¼”âˆ’ï¼”,æœ‰,
2022/05/11 14:46:34,,https://picsum.photos/800/600?random=36?&blur=2,https://picsum.photos/800/600?random=36?&blur=2,https://picsum.photos/800/600?random=36?&blur=2,https://picsum.photos/800/600?random=36?&blur=2,https://picsum.photos/800/600?random=36?&blur=2,38.0010245,138.3179351,å‰²çƒ¹ã€€æ¾å±±,,,,,,,,,10:00 - 17:14,,æ–°æ½ŸçœŒä½æ¸¡å¸‚æ²³åŸç”°è«è¨ªç”ºï¼’ï¼ï¼”âˆ’ï¼’,,
2022/05/11 14:46:34,ã‚¹ãƒŠãƒƒã‚¯ãƒ»ãƒãƒ¼,https://picsum.photos/800/600?random=37?&blur=2,https://picsum.photos/800/600?random=37?&blur=2,https://picsum.photos/800/600?random=37?&blur=2,https://picsum.photos/800/600?random=37?&blur=2,https://picsum.photos/800/600?random=37?&blur=2,38.001045,138.31781,ã‚¢ãƒªã‚¹,,,ç„¡,0259-57-2893,,,,,10:00 - 17:15,æ—¥æ›œæ—¥,æ–°æ½ŸçœŒä½æ¸¡å¸‚æ²³åŸç”°è«è¨ªç”ºï¼’ï¼ï¼“âˆ’ï¼–,æœ‰,
2022/05/11 14:46:34,ã‚¹ãƒŠãƒƒã‚¯ãƒ»ãƒãƒ¼,https://picsum.photos/800/600?random=38?&blur=2,https://picsum.photos/800/600?random=38?&blur=2,https://picsum.photos/800/600?random=38?&blur=2,https://picsum.photos/800/600?random=38?&blur=2,https://picsum.photos/800/600?random=38?&blur=2,38.0012885,138.3177133,æ„›,,,ç„¡,0259-52-0680,,,,,10:00 - 17:16,æ—¥æ›œæ—¥ã€æœˆæ›œæ—¥,æ–°æ½ŸçœŒä½æ¸¡å¸‚æ²³åŸç”°è«è¨ªç”ºï¼‘ï¼™ï¼˜âˆ’ï¼•,æœ‰,
2022/05/11 14:46:34,,https://picsum.photos/800/600?random=39?&blur=2,https://picsum.photos/800/600?random=39?&blur=2,https://picsum.photos/800/600?random=39?&blur=2,https://picsum.photos/800/600?random=39?&blur=2,https://picsum.photos/800/600?random=39?&blur=2,38.0004533,138.3209273,ï¼­ï¼¥ï¼²ï¼²ï¼¯ï¼·ï¼³,,,,,,,https://www.instagram.com/sadokoku_yajima_yakitori?igsh=cXpta2lsd2tybjg3,,10:00 - 17:17,,æ–°æ½ŸçœŒä½æ¸¡å¸‚æ²³åŸç”°æœ¬ç”ºï¼‘ï¼™ï¼“,,
2022/05/11 14:46:34,,https://picsum.photos/800/600?random=40?&blur=2,https://picsum.photos/800/600?random=40?&blur=2,https://picsum.photos/800/600?random=40?&blur=2,https://picsum.photos/800/600?random=40?&blur=2,https://picsum.photos/800/600?random=40?&blur=2,38.001339,138.3159275,ã‹ã£å…«,,,,,,,,,10:00 - 19:00,,æ–°æ½ŸçœŒä½æ¸¡å¸‚æ²³åŸç”°è«è¨ªç”ºï¼’ï¼‘ï¼‘,,
2022/05/11 14:46:34,ã‚¹ãƒŠãƒƒã‚¯ãƒ»ãƒãƒ¼,https://picsum.photos/800/600?random=41?&blur=2,https://picsum.photos/800/600?random=41?&blur=2,https://picsum.photos/800/600?random=41?&blur=2,https://picsum.photos/800/600?random=41?&blur=2,https://picsum.photos/800/600?random=41?&blur=2,38.0010464,138.3164355,ã—ã¾ã¡ã‚ƒã‚“,,1993å¹´8æœˆ5æ—¥,æœ‰,0259-52-5885,,,https://www.visitsado.com/spot/detail0612/,,10:00 - 19:00,æ—¥æ›œæ—¥ã€æœˆæ›œæ—¥,æ–°æ½ŸçœŒä½æ¸¡å¸‚æ²³åŸç”°è«è¨ªç”ºï¼’ï¼ï¼˜âˆ’ï¼˜ï¼”,,
2022/05/11 14:46:34,å±…é…’å±‹ãƒ»é£Ÿäº‹,https://picsum.photos/800/600?random=42?&blur=2,https://picsum.photos/800/600?random=42?&blur=2,https://picsum.photos/800/600?random=42?&blur=2,https://picsum.photos/800/600?random=42?&blur=2,https://picsum.photos/800/600?random=42?&blur=2,38.0009365,138.3165981,èµ¤ã¡ã‚‡ã†ã¡ã‚“,,,æœ‰,0259-52-2220,,,,,10:00 - 19:00,ç«æ›œæ—¥,æ–°æ½ŸçœŒä½æ¸¡å¸‚æ²³åŸç”°è«è¨ªç”ºï¼’ï¼ï¼˜âˆ’ï¼˜ï¼’,æœ‰,
2022/05/11 14:46:34,,https://picsum.photos/800/600?random=45?&blur=2,https://picsum.photos/800/600?random=29?&blur=2,,,,38.000934,138.3167999,ã‚‰ã¶ã˜ã‚ƒã‚“,,,,,,,https://www.facebook.com/pages/%E5%89%B2%E7%83%B9-%E6%9D%BE%E5%B1%B1/202476086457557,,10:00 - 19:00,,æ–°æ½ŸçœŒä½æ¸¡å¸‚æ²³åŸç”°è«è¨ªç”ºï¼’ï¼ï¼˜âˆ’ï¼‘ï¼–,,
2022/05/11 14:46:34,ã‚¹ãƒŠãƒƒã‚¯ãƒ»ãƒãƒ¼,https://picsum.photos/800/600?random=44?&blur=2,https://picsum.photos/800/600?random=30?&blur=2,,,,38.0012643,138.3161954,ã‚ã“,ã‚«ãƒ©ã‚ªã‚±ã§éŠã‚“ã§ä¸‹ã•ã„ã€‚,44å¹´,æœ‰,0259-52-4109,,,,,10:00 - 19:00,æœ¨æ›œæ—¥,æ–°æ½ŸçœŒä½æ¸¡å¸‚æ²³åŸç”°è«è¨ªç”ºï¼’ï¼ï¼˜âˆ’ï¼‘ï¼’ï¼’,æœ‰,
2022/05/11 14:46:34,,https://picsum.photos/800/600?random=45?&blur=2,https://picsum.photos/800/600?random=31?&blur=2,https://picsum.photos/800/600?random=45?&blur=2,https://picsum.photos/800/600?random=45?&blur=2,https://picsum.photos/800/600?random=45?&blur=2,38.0014956,138.3156863,ã‚„ã˜ã¾,,,,,,,https://instagram.com/merrows__sado?igshid=MzRlODBiNWFlZA==,,10:00 - 19:00,,æ–°æ½ŸçœŒä½æ¸¡å¸‚æ²³åŸç”°è«è¨ªç”ºï¼’ï¼ï¼˜âˆ’ï¼’ï¼‘ï¼™,,
2022/05/11 14:46:34,ã‚¹ãƒŠãƒƒã‚¯ãƒ»ãƒãƒ¼,https://picsum.photos/800/600?random=46?&blur=2,https://picsum.photos/800/600?random=32?&blur=2,,,,38.0019941,138.3186124,HOSTEL Perch,,2018å¹´,æœ‰,070-9099-5019,,,https://www.instagram.com/yamashita_shokudo/,,10:00 - 19:00,ãªã—/å†¬å­£é‡‘åœŸæ—¥ä»¥å¤–,æ–°æ½ŸçœŒä½æ¸¡å¸‚æ²³åŸç”°è«è¨ªç”º4,ç„¡,
2022/05/11 14:46:34,ã‚¹ãƒŠãƒƒã‚¯ãƒ»ãƒãƒ¼,https://picsum.photos/800/600?random=47?&blur=2,https://picsum.photos/800/600?random=33?&blur=2,,,,38.0022872,138.3158541,ã‚¢ãƒªã®å·£,,,,,,,,,10:00 - 19:00,,æ–°æ½ŸçœŒä½æ¸¡å¸‚æ²³åŸç”°è«è¨ªç”ºï¼‘ï¼•ï¼™âˆ’ï¼‘,,
2022/05/11 14:46:34,ã‚¹ãƒŠãƒƒã‚¯ãƒ»ãƒãƒ¼,https://picsum.photos/800/600?random=48?&blur=2,https://picsum.photos/800/600?random=34?&blur=2,,,,38.0016736,138.3170653,Vogue,æ¥½ã—ãé£²ã‚ã‚‹å›½éš›äº¤æµã§ãã‚‹é…’å ´ğŸ»ğŸ·ğŸ¾,2007å¹´,ç„¡,0259-52-1615,,,,,10:00 - 19:00,æœˆæ›œæ—¥,æ–°æ½ŸçœŒä½æ¸¡å¸‚æ²³åŸç”°è«è¨ªç”ºï¼‘ï¼˜ï¼•,æœ‰,
2022/05/11 14:46:34,é£²é£Ÿ&å®¿æ³Š,https://picsum.photos/800/600?random=49?&blur=2,https://picsum.photos/800/600?random=35?&blur=2,,,,38.0024624,138.3173779,æ†©,ä½æ¸¡ã§å°æ¹¾æ–™ç†ã‚’å‘³ã‚ãˆã‚‹,2020å¹´,æœ‰,0259-67-7795,,,,,10:00 - 19:00,æœˆæ›œæ—¥,æ–°æ½ŸçœŒä½æ¸¡å¸‚æ²³åŸç”°è«è¨ªç”º30ç•ªåœ°,æœ‰,
2022/05/11 14:46:34,å–«èŒ¶,https://picsum.photos/800/600?random=50?&blur=2,https://picsum.photos/800/600?random=36?&blur=2,,,,38.0024161,138.3151623,ã®ã‚“ã®ã‚“,,1987å¹´,ç„¡,0259-57-3553,,,,,10:00 - 19:00,ç¬¬1ãƒ»3æœ¨æ›œ,æ–°æ½ŸçœŒä½æ¸¡å¸‚æ²³åŸç”°è«è¨ªç”ºï¼‘ï¼”ï¼™âˆ’ï¼“,ç„¡,
2022/05/11 14:46:34,ã‚¹ãƒŠãƒƒã‚¯ãƒ»ãƒãƒ¼,https://picsum.photos/800/600?random=39?&blur=2,https://picsum.photos/800/600?random=37?&blur=2,,,,38.0023926,138.3154668,ã‚¹ãƒŠãƒƒã‚¯å·,ã²ã¨ã‚Šã§ã‚‚æ°—è»½ã«â‹¯â‹¯,29å¹´,ç„¡,0259-57-3802,,,,,10:00 - 19:00,æ—¥æ›œæ—¥,æ–°æ½ŸçœŒä½æ¸¡å¸‚æ²³åŸç”°è«è¨ªç”ºï¼‘ï¼•ï¼“,ç„¡,
2022/05/11 14:46:34,,https://picsum.photos/800/600?random=39?&blur=2,https://picsum.photos/800/600?random=38?&blur=2,,,,38.0044043,138.3163525,Lahaina,,2013å¹´,æœ‰,52-3955,,,,,10:00 - 17:30,æ—¥ãƒ»æœˆæ›œæ—¥,æ–°æ½ŸçœŒä½æ¸¡å¸‚ä¸­åŸï¼’ï¼’ï¼âˆ’ï¼‘ï¼‘,æœ‰,
2022/05/11 14:46:34,ã‚¹ãƒŠãƒƒã‚¯ãƒ»ãƒãƒ¼,https://picsum.photos/800/600?random=39?&blur=2,https://picsum.photos/800/600?random=39?&blur=2,,,,38.0065611,138.3126914,ã‚«ãƒ©ã‚ªã‚±ã‚¹ã‚¿ã‚¸ã‚ªã€€ï¼£ï½ï¼£ï½,,2007å¹´,æœ‰,0259-58-7878,,,,,10:00 - 17:31,æ°´æ›œæ—¥,æ–°æ½ŸçœŒä½æ¸¡å¸‚çªªç”°ï¼”ï¼—âˆ’ï¼•,æœ‰,
2022/05/11 14:46:34,å±…é…’å±‹ãƒ»é£Ÿäº‹,https://picsum.photos/800/600?random=39?&blur=2,https://picsum.photos/800/600?random=39?&blur=2,,,,38.0041701,138.3105939,Laã€€Plage,åœ°ç”£åœ°æ¶ˆã®é£Ÿæã«ã“ã ã‚ã£ãŸãƒ•ãƒ¬ãƒ³ãƒãƒ¬ã‚¹ãƒˆãƒ©ãƒ³ã§ã™ï¼,2012å¹´,æœ‰,0259-57-3751,,,,,,ä¸å®šä¼‘,æ–°æ½ŸçœŒä½æ¸¡å¸‚çªªç”°ï¼™ï¼—ï¼˜âˆ’ï¼“,æœ‰,